{"accuracy": 98.73, "loss": 0.03521554708480835, "_timestamp": 1709457568.6806188, "_runtime": 55.24820685386658, "_step": 3}