{"accuracy": 11.35, "loss": 2.370927783203125, "_timestamp": 1709387334.1140995, "_runtime": 25.188706398010254, "_step": 1, "_wandb": {"runtime": 24}}